employer,employer_url,ats,search_term,job_title,job_url,captured_at
Abbott,https://www.abbott.com/en-us/careers,Workday (embedded/blocked API),research,Careers,https://www.abbott.com/en-us/careers,2026-06-21T20:39:21.193338+00:00
Abbott,https://www.abbott.com/en-us/careers,Workday (embedded/blocked API),research,Working at Abbott,https://www.abbott.com/en-us/careers/working-with-us,2026-06-21T20:39:21.193361+00:00
Abbott,https://www.abbott.com/en-us/careers,Workday (embedded/blocked API),research,Benefits,https://www.abbott.com/en-us/careers/benefits,2026-06-21T20:39:21.193363+00:00
Abbott,https://www.abbott.com/en-us/careers,Workday (embedded/blocked API),research,Early Careers,https://www.abbott.com/en-us/careers/students,2026-06-21T20:39:21.193365+00:00
Abbott,https://www.abbott.com/en-us/careers,Workday (embedded/blocked API),research,Search Jobs,https://www.abbott.com/careers/search-jobs.html,2026-06-21T20:39:21.193366+00:00
Abbott,https://www.abbott.com/en-us/careers,Workday (embedded/blocked API),research,Leadership,https://www.abbott.com/en-us/about-abbott/leadership,2026-06-21T20:39:21.193368+00:00
Abbott,https://www.abbott.com/en-us/careers,Workday (embedded/blocked API),research,Search jobs,https://www.jobs.abbott/us/en,2026-06-21T20:39:21.193369+00:00
Abbott,https://www.abbott.com/en-us/careers,Workday (embedded/blocked API),research,Check application status,https://abbott.wd5.myworkdayjobs.com/abbottcareers/login,2026-06-21T20:39:21.193370+00:00
Abbott,https://www.abbott.com/en-us/careers,Workday (embedded/blocked API),research,View opportunities,https://careers.exactsciences.com/,2026-06-21T20:39:21.193371+00:00
Abbott,https://www.abbott.com/en-us/careers,Workday (embedded/blocked API),research,Fortune’s Most Admired Companies We’ve been named one of the World's Most Admired Companies by Fortune magazine every year since 1984.,https://www.abbott.com/en-us/careers,2026-06-21T20:39:21.193372+00:00
Abbott,https://www.abbott.com/en-us/careers,Workday (embedded/blocked API),research,"Science Top Employers We’ve been included on Science magazine’s Top 20 Employers list 21 times, most recently in 2024.",https://www.abbott.com/en-us/careers,2026-06-21T20:39:21.193374+00:00
Abbott,https://www.abbott.com/en-us/careers,Workday (embedded/blocked API),research,"Fortune Change the World In 2023, Fortune recognized Abbott for our groundbreaking Freedom 2 Save program, promoting financial wellness for employees.",https://www.abbott.com/en-us/careers,2026-06-21T20:39:21.193375+00:00
Abbott,https://www.abbott.com/en-us/careers,Workday (embedded/blocked API),research,Explore benefits,https://www.abbott.com/en-us/careers/benefits,2026-06-21T20:39:21.193376+00:00
Abbott,https://www.abbott.com/en-us/careers,Workday (embedded/blocked API),research,Explore early careers,https://www.abbott.com/en-us/careers/students,2026-06-21T20:39:21.193377+00:00
Abbott,https://www.abbott.com/en-us/careers,Workday (embedded/blocked API),research,View contract jobs,https://www.jobs.abbott/us/en/contract-jobs,2026-06-21T20:39:21.193378+00:00
Abbott,https://www.abbott.com/en-us/careers,Workday (embedded/blocked API),research,Career FAQs,https://www.abbott.com/en-us/careers/faqs,2026-06-21T20:39:21.193379+00:00
Abbott,https://www.abbott.com/en-us/careers,Workday (embedded/blocked API),research,Our People and Culture,https://www.abbott.com/en-us/careers/our-people-and-culture,2026-06-21T20:39:21.193380+00:00
Abbott,https://www.abbott.com/en-us/careers,Workday (embedded/blocked API),research,FAQs,https://www.abbott.com/en-us/careers/faqs,2026-06-21T20:39:21.193381+00:00
Abbott,https://www.abbott.com/en-us/careers,Workday (embedded/blocked API),research,Conferences & Events,https://www.jobs.abbott/us/en/events,2026-06-21T20:39:21.193382+00:00
Abbott,https://www.abbott.com/en-us/careers,Workday (embedded/blocked API),research,Application Status,https://abbott.wd5.myworkdayjobs.com/abbottcareers/login,2026-06-21T20:39:21.193383+00:00
Abbott,https://www.abbott.com/en-us/careers,Workday (embedded/blocked API),research,Military Skills Translator,https://www.jobs.abbott/us/en/veterans-jobs,2026-06-21T20:39:21.193384+00:00
Abbott,https://www.abbott.com/en-us/careers,Workday (embedded/blocked API),research,Recruitment Fraud,https://www.abbott.com/en-us/careers/working-with-us/recruitment-fraud,2026-06-21T20:39:21.193385+00:00
Abbott,https://www.abbott.com/en-us/careers,Workday (embedded/blocked API),research,Accommodation,https://www.abbott.com/content/dam/corp/abbott/en-us/documents/pdfs/careers/AccommodationPDF.pdf,2026-06-21T20:39:21.193387+00:00
Abbott,https://www.abbott.com/en-us/careers,Workday (embedded/blocked API),research,Equal Opportunity (English),https://www.abbott.com/content/dam/corp/abbott/en-us/documents/pdfs/careers/EEO_English.pdf,2026-06-21T20:39:21.193388+00:00
Abbott,https://www.abbott.com/en-us/careers,Workday (embedded/blocked API),research,Equal Opportunity (Spanish),https://www.abbott.com/content/dam/corp/abbott/en-us/documents/pdfs/careers/EEO_Spanish.pdf,2026-06-21T20:39:21.193389+00:00
Abbott,https://www.abbott.com/en-us/careers,Workday (embedded/blocked API),research,E-Verify Notice (English),https://www.abbott.com/content/dam/corp/abbott/en-us/documents/pdfs/careers/E-Verify_Participation_Poster_ES%201.pdf,2026-06-21T20:39:21.193391+00:00
Abbott,https://www.abbott.com/en-us/careers,Workday (embedded/blocked API),research,E-Verify Notice (Spanish),https://www.abbott.com/content/dam/corp/abbott/en-us/documents/pdfs/careers/E-Verify_Participation_Poster_ES%201.pdf,2026-06-21T20:39:21.193392+00:00
Abbott,https://www.abbott.com/en-us/careers,Workday (embedded/blocked API),research,Right To Work (English),https://www.abbott.com/content/dam/corp/abbott/en-us/documents/pdfs/careers/discrimination-national-origin-english.pdf,2026-06-21T20:39:21.193393+00:00
Abbott,https://www.abbott.com/en-us/careers,Workday (embedded/blocked API),research,Right To Work (Spanish),https://www.abbott.com/content/dam/corp/abbott/en-us/documents/pdfs/careers/discrimination-national-origin-spanish.pdf,2026-06-21T20:39:21.193394+00:00
Abbott,https://www.abbott.com/en-us/careers,Workday (embedded/blocked API),research,Consumer Health Data Privacy Policy,https://www.abbott.com/en-us/privacy-policy/consumer-health-data,2026-06-21T20:39:21.193395+00:00
